	MH	MS1	MA1	alpha	lambda	d2	delta2	msq	b2	b1	v	svev	DD_nSd	DD_nSi	DD_pSd	DD_pSi	RH11	RH21	S	STU_chisq	T	U	b_H1_H2H2	b_H1_H2HD	b_H1_HDHD	b_H1_WW	b_H1_ZZ	b_H1_Zgam	b_H1_bb	b_H1_cc	b_H1_gamgam	b_H1_gg	b_H1_mumu	b_H1_ss	b_H1_tautau	b_H1_tt	b_H2_H1H1	b_H2_H1HD	b_H2_HDHD	b_H2_WW	b_H2_ZZ	b_H2_Zgam	b_H2_bb	b_H2_cc	b_H2_gamgam	b_H2_gg	b_H2_mumu	b_H2_ss	b_H2_tautau	b_H2_tt	hb_H1_channel	hb_H1_ncombined	hb_H1_obsratio	hb_H1_result	hb_H2_channel	hb_H2_ncombined	hb_H2_obsratio	hb_H2_result	hb_HX_channel	hb_HX_ncombined	hb_HX_obsratio	hb_HX_result	hb_channel	hb_result	hs_chisqMass	hs_chisqMu	hs_deltaChisq	mDM	maxEV	mu_H1_WW	mu_H1_ZZ	mu_H1_bb	mu_H1_bb_VH	mu_H1_gamgam	mu_H1_tautau	mu_H2_WW	mu_H2_ZZ	mu_H2_bb	mu_H2_bb_VH	mu_H2_gamgam	mu_H2_tautau	mu_HX_WW	mu_HX_ZZ	mu_HX_bb	mu_HX_bb_VH	mu_HX_gamgam	mu_HX_tautau	omega_c	WH	WS1	x_H1_bbH	x_H1_ggH	x_H2_bbH	x_H2_ggH
0	125.09	825.09473117437415	407.69117458225543	-0.26610730682874612	2.0337242596826508	5.6629376081947687	2.8951222805842338	-386172.78129820491	-556327.47663840349	-166212.09383225907	246.21965079413738	473.48537259505667	0	4.4754993467449474e-23	0	4.3878894752185225e-23	0.96480189535585437	0.26297776088055635	0.0088122946814858105	5.8528864962268212	-0.014998404329635891	-0.0002696792353271415	0	0	0	0.20891919957845229	0.026128462856643123	0.0015479306678062804	0.59006281251198411	0.028888534383638951	0.0023182700767967633	0.078229467448568471	0.00022466230007754559	0.00022284100303699016	0.063457819172995353	0	0.24234189189934729	0	0.11459338384519291	0.38169996091352032	0.18748863496441151	8.9354621724279728e-07	2.5325482372546836e-05	1.2390569515032197e-06	2.1679561806838655e-07	0.00013340475730868283	1.3499105914903566e-08	9.5411373875752509e-09	3.8174381208657323e-06	0.073711208260695674	376	1	0.73785156377939998	1	260	1	0.74213741113571685	1	0	0	0	1	260	1	2.1060000000001607e-25	86.93534320663899	1.1676813281389968	407.69115792973679	6.7851279581394648	0.92796976250753893	0.919895642159683	0.93172191625633216	0.93172191625633216	0.93439365536282293	0.93247111248583536	0.044476410921450188	0.044403670450081763	0.044576700540215772	0.044576700540215772	0.044805627354350223	0.04456742384602716	0	0	0	0	0	0	2.0231065888885485e-06	0.0037974264595841837	30.971294395492478	0.50605223070751504	40.738602757816359	1.7793947871614942e-05	0.025631005401221436
