	MH	MS1	MA1	alpha	lambda	d2	delta2	msq	b2	b1	v	svev	DD_nSd	DD_nSi	DD_pSd	DD_pSi	RH11	RH21	S	STU_chisq	T	U	b_H1_H2H2	b_H1_H2HD	b_H1_HDHD	b_H1_WW	b_H1_ZZ	b_H1_Zgam	b_H1_bb	b_H1_cc	b_H1_gamgam	b_H1_gg	b_H1_mumu	b_H1_ss	b_H1_tautau	b_H1_tt	b_H2_H1H1	b_H2_H1HD	b_H2_HDHD	b_H2_WW	b_H2_ZZ	b_H2_Zgam	b_H2_bb	b_H2_cc	b_H2_gamgam	b_H2_gg	b_H2_mumu	b_H2_ss	b_H2_tautau	b_H2_tt	hb_H1_channel	hb_H1_ncombined	hb_H1_obsratio	hb_H1_result	hb_H2_channel	hb_H2_ncombined	hb_H2_obsratio	hb_H2_result	hb_HX_channel	hb_HX_ncombined	hb_HX_obsratio	hb_HX_result	hb_channel	hb_result	hs_chisqMass	hs_chisqMu	hs_deltaChisq	mDM	maxEV	mu_H1_WW	mu_H1_ZZ	mu_H1_bb	mu_H1_bb_VH	mu_H1_gamgam	mu_H1_tautau	mu_H2_WW	mu_H2_ZZ	mu_H2_bb	mu_H2_bb_VH	mu_H2_gamgam	mu_H2_tautau	mu_HX_WW	mu_HX_ZZ	mu_HX_bb	mu_HX_bb_VH	mu_HX_gamgam	mu_HX_tautau	omega_c	WH	WS1	x_H1_bbH	x_H1_ggH	x_H2_bbH	x_H2_ggH	xstart	h2Omega	time
0	125.09	651.05782685044983	891.22052216314387	-0.038439642731361023	0.53610389307870121	1.605341096656326	0.17535596286556732	-62485.765727645878	365685.22938437416	-794274.01912474679	246.21965079413738	726.17587881460975	0	1.7452994603013335e-28	0	1.6933280955017816e-28	0.99926128790052404	0.038430176988743008	0.00023031911568860606	2.8857118912768001	-0.00032127221976456933	-8.1009459600599416e-06	0	0	0	0.20891919957845231	0.026128462856643126	0.0015479306678062806	0.59006281251198411	0.028888534383638954	0.0023182700767967633	0.078229467448568485	0.00022466230007754561	0.00022284100303699019	0.063457819172995367	0	0.25545356582165596	0	0	0.41987106688705772	0.20418175188894966	2.331957969615193e-06	4.81273119512539e-05	2.3547545431963628e-06	7.521420123419143e-08	0.00027175974846065147	2.4705495794737825e-08	1.8136523422524418e-08	6.9863972584801158e-06	0.12016193717593299	376	1	0.79149984075425839	1	260	1	0.024050267601584564	1	0	0	0	1	376	1	2.1060000000001607e-25	85.533913408831026	-0.23374846966896712	891.22052170174163	1.6240923733988804	0.99544129917854129	0.98678011950057909	0.99946626739768196	0.99946626739768174	1.0023322653586979	1.0002699367608099	0.0010990532469367933	0.0011000438008912266	0.0011036792994868977	0.0011036792994868977	0.0011028334526283037	0.0011043471089622738	0	0	0	0	0	0	0.12162975632013125	0.0040735326528839747	0.28516303914837804	0.54284666412672578	43.700656308431988	1.2350675597647581e-06	0.0019537648393667811	16.515	771.337	1
