Omega	Omega_uncer	MS0	MA0	Mchi	lamHPL	lamHS	ymmD
0.0160059	0.000441584	100	900	600	0.1	0.1	1.1
