Omega	Omega_uncer	MS0	MA0	Mchi	lamHPL	lamHS	ymmD
0.00121347	0.000342494	700	900	101	0.1	0.1	1.1
