Omega	Omega_err	mH1	mH2	mHc
7.45244e-05	4.63407e-06	61.6044	470.154	407.833
