Omega	Omega_err	mH1	mH2	mHc
0.00270097	4.91014e-05	50	51	143.828
