Omega	Omega_err	MA1	svev	alpha
0.000306134	8.40619e-07	453.208	843.489	0.515777
