Omega	Omega_uncer	MA1	MS1	alpha	svev
0.00463218	1.27009e-07	434.465	125.104	0.0211465	100.344
