Omega	Omega_uncer	MA1	MS1	alpha	svev
0.471874	1.37684e-05	390.213	103.878	1.47416	364.183
