Omega	Omega_uncer	MA1	MS1	alpha	svev
0.000906609	1.26688e-08	807.025	740.76	-0.576	404.561
