Omega	Omega_err	MA1	svev	alpha
0.000306121	8.40573e-07	453.208	843.489	0.515777
9.36652e-05	2.59503e-07	885.611	35.23	0.924182
