Omega	Omega_uncer	MA1	MS1	alpha	svev
0.00513571	1.27359e-07	95.349	862.834	0.968719	648.872
1.90434	3.14524e-05	811.532	82.2542	1.56535	366.084
