Omega	Omega_uncer	MA1	MS1	alpha	svev
49.1877	0.00127069	898.3	150.615	0.721148	982.213
