k	omega	MA1	
1	0.120128	891.221	
1	0.120128	891.221	
1	0.120128	891.221	
1	0.120128	891.221	
1	0.120128	891.221	
1	0.120128	891.221	
