k	omega	MA1	
1	1.96153e-06	407.691	
1	1.96153e-06	407.691	
1	1.73463e-06	407.691	
1	1.96153e-06	407.691	
